{
  "Link Color" : {
    "Red Component" : 0,
    "Color Space" : "sRGB",
    "Blue Component" : 0.73423302173614502,
    "Alpha Component" : 1,
    "Green Component" : 0.35916060209274292
  },
  "Tags" : [

  ],
  "Ansi 12 Color" : {
    "Red Component" : 0.14117647707462311,
    "Color Space" : "sRGB",
    "Blue Component" : 0.78431373834609985,
    "Alpha Component" : 1,
    "Green Component" : 0.44705882668495178
  },
  "Ansi 7 Color" : {
    "Red Component" : 0.89803922176361084,
    "Color Space" : "sRGB",
    "Blue Component" : 0.89803922176361084,
    "Alpha Component" : 1,
    "Green Component" : 0.89803922176361084
  },
  "Ansi 8 Color" : {
    "Red Component" : 0.40000000596046448,
    "Color Space" : "sRGB",
    "Blue Component" : 0.40000000596046448,
    "Alpha Component" : 1,
    "Green Component" : 0.40000000596046448
  },
  "Bold Color" : {
    "Red Component" : 0.89803922176361084,
    "Color Space" : "sRGB",
    "Blue Component" : 0.89803922176361084,
    "Alpha Component" : 1,
    "Green Component" : 0.89803922176361084
  },
  "Ansi 9 Color" : {
    "Red Component" : 0.80392158031463623,
    "Color Space" : "sRGB",
    "Blue Component" : 0.19215686619281769,
    "Alpha Component" : 1,
    "Green Component" : 0.19215686619281769
  },
  "Ansi 1 Color" : {
    "Red Component" : 0.80392158031463623,
    "Color Space" : "sRGB",
    "Blue Component" : 0.19215686619281769,
    "Alpha Component" : 1,
    "Green Component" : 0.19215686619281769
  },
  "Custom Directory" : "No",
  "Rows" : 25,
  "Default Bookmark" : "No",
  "Cursor Guide Color" : {
    "Red Component" : 0.70213186740875244,
    "Color Space" : "sRGB",
    "Blue Component" : 1,
    "Alpha Component" : 0.25,
    "Green Component" : 0.9268307089805603
  },
  "Non-ASCII Anti Aliased" : true,
  "Use Bright Bold" : true,
  "Ansi 10 Color" : {
    "Red Component" : 0.019607843831181526,
    "Color Space" : "sRGB",
    "Blue Component" : 0.47450980544090271,
    "Alpha Component" : 1,
    "Green Component" : 0.73725491762161255
  },
  "Ambiguous Double Width" : false,
  "Jobs to Ignore" : [
    "rlogin",
    "ssh",
    "slogin",
    "telnet"
  ],
  "Ansi 15 Color" : {
    "Red Component" : 0.89803922176361084,
    "Color Space" : "sRGB",
    "Blue Component" : 0.89803922176361084,
    "Alpha Component" : 1,
    "Green Component" : 0.89803922176361084
  },
  "Foreground Color" : {
    "Red Component" : 0.89803922176361084,
    "Color Space" : "sRGB",
    "Blue Component" : 0.89803922176361084,
    "Alpha Component" : 1,
    "Green Component" : 0.89803922176361084
  },
  "Working Directory" : "\/Users\/jhammond",
  "Blinking Cursor" : false,
  "Disable Window Resizing" : true,
  "Sync Title" : false,
  "Prompt Before Closing 2" : false,
  "BM Growl" : true,
  "Command" : "",
  "Description" : "Default",
  "Mouse Reporting" : true,
  "Screen" : -1,
  "Selection Color" : {
    "Red Component" : 0.35294118523597717,
    "Color Space" : "sRGB",
    "Blue Component" : 0.38431373238563538,
    "Alpha Component" : 1,
    "Green Component" : 0.36078432202339172
  },
  "Columns" : 80,
  "Idle Code" : 0,
  "Ansi 13 Color" : {
    "Red Component" : 0.73725491762161255,
    "Color Space" : "sRGB",
    "Blue Component" : 0.73725491762161255,
    "Alpha Component" : 1,
    "Green Component" : 0.24705882370471954
  },
  "Custom Command" : "No",
  "ASCII Anti Aliased" : true,
  "Non Ascii Font" : "Monaco 12",
  "Vertical Spacing" : 1,
  "Use Bold Font" : true,
  "Option Key Sends" : 2,
  "Selected Text Color" : {
    "Red Component" : 0.92549020051956177,
    "Color Space" : "sRGB",
    "Blue Component" : 0.90588235855102539,
    "Alpha Component" : 1,
    "Green Component" : 0.90588235855102539
  },
  "Background Color" : {
    "Red Component" : 0.14901961386203766,
    "Color Space" : "sRGB",
    "Blue Component" : 0.20000000298023224,
    "Alpha Component" : 1,
    "Green Component" : 0.16470588743686676
  },
  "Character Encoding" : 4,
  "Ansi 11 Color" : {
    "Red Component" : 0.89803922176361084,
    "Color Space" : "sRGB",
    "Blue Component" : 0.070588238537311554,
    "Alpha Component" : 1,
    "Green Component" : 0.89803922176361084
  },
  "Use Italic Font" : true,
  "Unlimited Scrollback" : true,
  "Keyboard Map" : {
    "0xf700-0x260000" : {
      "Text" : "[1;6A",
      "Action" : 10
    },
    "0x37-0x40000" : {
      "Text" : "0x1f",
      "Action" : 11
    },
    "0x32-0x40000" : {
      "Text" : "0x00",
      "Action" : 11
    },
    "0xf709-0x20000" : {
      "Text" : "[17;2~",
      "Action" : 10
    },
    "0xf70c-0x20000" : {
      "Text" : "[20;2~",
      "Action" : 10
    },
    "0xf729-0x20000" : {
      "Text" : "[1;2H",
      "Action" : 10
    },
    "0xf72b-0x40000" : {
      "Text" : "[1;5F",
      "Action" : 10
    },
    "0xf705-0x20000" : {
      "Text" : "[1;2Q",
      "Action" : 10
    },
    "0xf703-0x260000" : {
      "Text" : "[1;6C",
      "Action" : 10
    },
    "0xf700-0x220000" : {
      "Text" : "[1;2A",
      "Action" : 10
    },
    "0xf701-0x280000" : {
      "Text" : "0x1b 0x1b 0x5b 0x42",
      "Action" : 11
    },
    "0x38-0x40000" : {
      "Text" : "0x7f",
      "Action" : 11
    },
    "0x33-0x40000" : {
      "Text" : "0x1b",
      "Action" : 11
    },
    "0xf703-0x220000" : {
      "Text" : "[1;2C",
      "Action" : 10
    },
    "0xf701-0x240000" : {
      "Text" : "[1;5B",
      "Action" : 10
    },
    "0xf70d-0x20000" : {
      "Text" : "[21;2~",
      "Action" : 10
    },
    "0xf702-0x260000" : {
      "Text" : "[1;6D",
      "Action" : 10
    },
    "0xf729-0x40000" : {
      "Text" : "[1;5H",
      "Action" : 10
    },
    "0xf706-0x20000" : {
      "Text" : "[1;2R",
      "Action" : 10
    },
    "0x34-0x40000" : {
      "Text" : "0x1c",
      "Action" : 11
    },
    "0xf700-0x280000" : {
      "Text" : "0x1b 0x1b 0x5b 0x41",
      "Action" : 11
    },
    "0x2d-0x40000" : {
      "Text" : "0x1f",
      "Action" : 11
    },
    "0xf70e-0x20000" : {
      "Text" : "[23;2~",
      "Action" : 10
    },
    "0xf702-0x220000" : {
      "Text" : "[1;2D",
      "Action" : 10
    },
    "0xf703-0x280000" : {
      "Text" : "0x1b 0x1b 0x5b 0x43",
      "Action" : 11
    },
    "0xf700-0x240000" : {
      "Text" : "[1;5A",
      "Action" : 10
    },
    "0xf707-0x20000" : {
      "Text" : "[1;2S",
      "Action" : 10
    },
    "0xf70a-0x20000" : {
      "Text" : "[18;2~",
      "Action" : 10
    },
    "0x35-0x40000" : {
      "Text" : "0x1d",
      "Action" : 11
    },
    "0xf70f-0x20000" : {
      "Text" : "[24;2~",
      "Action" : 10
    },
    "0xf703-0x240000" : {
      "Text" : "[1;5C",
      "Action" : 10
    },
    "0xf701-0x260000" : {
      "Text" : "[1;6B",
      "Action" : 10
    },
    "0xf702-0x280000" : {
      "Text" : "0x1b 0x1b 0x5b 0x44",
      "Action" : 11
    },
    "0xf72b-0x20000" : {
      "Text" : "[1;2F",
      "Action" : 10
    },
    "0x36-0x40000" : {
      "Text" : "0x1e",
      "Action" : 11
    },
    "0xf708-0x20000" : {
      "Text" : "[15;2~",
      "Action" : 10
    },
    "0xf701-0x220000" : {
      "Text" : "[1;2B",
      "Action" : 10
    },
    "0xf70b-0x20000" : {
      "Text" : "[19;2~",
      "Action" : 10
    },
    "0xf702-0x240000" : {
      "Text" : "[1;5D",
      "Action" : 10
    },
    "0xf704-0x20000" : {
      "Text" : "[1;2P",
      "Action" : 10
    }
  },
  "Window Type" : 0,
  "Background Image Location" : "",
  "Blur" : false,
  "Badge Color" : {
    "Red Component" : 1,
    "Color Space" : "sRGB",
    "Blue Component" : 0,
    "Alpha Component" : 0.5,
    "Green Component" : 0.1491314172744751
  },
  "Scrollback Lines" : 0,
  "Send Code When Idle" : false,
  "Close Sessions On End" : true,
  "Terminal Type" : "xterm-256color",
  "Visual Bell" : true,
  "Flashing Bell" : false,
  "Silence Bell" : false,
  "Ansi 14 Color" : {
    "Red Component" : 0.058823529630899429,
    "Color Space" : "sRGB",
    "Blue Component" : 0.80392158031463623,
    "Alpha Component" : 1,